Registry order,Arcana ID,Arcana,Element,Runtime handler,Primary behavior,Compound tags,Gameplay geometry,Origin / ownership,Aim model,Max reach (units),Inner radius / dead zone,Outer radius / half-width,Multiplicity / density,Persistence (s),"Largest single footprint (sq units, est.)",Single-footprint tier,Estimated unique cast coverage (sq units),Cast-coverage tier,Coverage interpretation,Contact reliability (1-5),Full-value reliability (1-5),Reliability gap,Control,Defense,Resource / commitment,Coded full-value condition,Produces states,Naturally benefits from,Role hypothesis,Audit flags / implementation notes,Geometry confidence,Authoritative runtime source,Has audit flag
1,FLAME-STRIKE,Flame Strike,Fire,wizardFlameStrike,Attached strike,close-range; progressive footprint; charged,Expanding frontal plume,Each beat snapshots the caster frame; plume is caster-connected at emission,Activation facing; charged finisher held/released,6.15,,2.55,3 beats; charged replacement finisher,0.34,18.47,Large (12-30),18.47,Large (12-30),Charged plume estimate; reach includes 1.05 origin offset. Uncharged finisher is much smaller.,4,3,1,Outward push,Charged source mutations are not enabled,Three-beat string; hold final beat up to 1.05 s,Hold through Beat 3 for charged 28-damage plume,pushed; burning opportunity,grouped; close; pinned,Bridge,,High,src/wizard-flame-strike-runtime.js,False
2,FLAME-CROSS,Flame Cross,Fire,wizardArcana,Traveling carrier,piercing; crossing sweet spot; long lane,Four diagonal flame-wave capsules with crossing final pair,Independent projectiles launched from offset sides,Activation snapshot per combo cast,12.18,,0.66,1 + 1 + 2 waves,,2.74,Small (1-4),28.7,Large (12-30),Whole-cast union of the four current wave paths; final pair can overlap one target.,3,2,1,Light outward push,,Three-beat automatic combo,Target must occupy the final crossing region to take both finisher waves,pierced lane; overlap opportunity,aligned; pinned; grouped,Conditional payoff,,High,src/wizard-arcana-runtime.js,False
3,BOUNCING-BLAZE,Bouncing Blaze,Fire,wizardArcana,Traveling carrier,projectile; repeated lane; ground hops,Straight circular projectile capsule with two authored hops,Three independent projectiles,Activation snapshot for each emitted shot,12.4,,0.5,3 sequential shots,,0.79,Tiny (<1),13.19,Large (12-30),Unique lane coverage is approximately one capsule because all three shots reuse the same lane; density is ×3.,3,3,0,Push,,Three-shot automatic combo,No special condition; shots end on first enemy,pushed,aligned; rooted; pinned,Generalist,,High,src/wizard-arcana-runtime.js,False
4,WIND-SLASH,Wind Slash,Air,wizardWindSlash,Attached strike,frontal arc; progressive footprint,Growing frontal annular sectors,Brief caster-anchored arcs at emission,Activation facing,3.86,0.3,3.42,3 sectors,0.24,10.91,Medium (4-12),10.91,Medium (4-12),Largest third slash; max reach includes .44 forward origin offset.,4,3,1,Progressive outward push,Enhanced projectile clearing disabled,Three-beat automatic string,No special condition; full string requires target to remain in successive arcs,pushed,grouped; close,Bridge,,High,src/wizard-wind-slash-runtime.js,False
5,HOMING-FLARES,Homing Flares,Fire,wizardRebuiltArcana,Caster formation,homing; autonomous; stored ammunition; defense,Seven stored orbit slots that become homing projectile corridors,Formation follows caster; each flare independently acquires,Autonomous nearest-target acquisition,17.65,,1.65,7 flares,4.0,,Dynamic / unranked,,Dynamic / unranked,Use threat envelope rather than one area: 1.65 storage orbit + 16-unit acquisition range; seven independent lanes.,5,4,1,Knockback on contact,Each flare can trade with an eligible hostile projectile,Exactly 7 stored flares; 4 s storage lifetime,Each flare needs an eligible target inside acquisition range before storage expires,projectile intercepted; pushed; repeated autonomous hits,multiple targets; marked targets,Engine / high-floor,,High,src/wizard-rebuilt-arcana-runtime.js,False
6,DRAGON-ARC,Dragon Arc,Fire,wizardRebuiltArcana,Traveling carrier,stock release; live-aim stream; piercing,Alternating sinusoidal piercing corridors,Stock is emitted as independently owned dragons,Live aim sampled on every emission,17.0,,0.46,Up to 8 stock; alternating two wave phases,,0.66,Tiny (<1),33.85,Huge (30-70),Approximate union of the two mirrored sinusoidal paths; repeated stock increases density rather than unique geometry.,4,3,1,Knockback,,Stores 8; regenerates one every .6 s; spends all available stock,Full value scales with stored stock and target remaining in the steered stream,pierced lane; repeated hits; pushed,grouped; pinned; long corridors,Payoff platform,,High,src/wizard-rebuilt-arcana-runtime.js,False
7,WHIRLING-TORNADO,Whirling Tornado,Air,wizardRebuiltArcana,Zone / field,radial; multi-hit; pull-then-push; defensive,Fixed circular disk,World-owned at the cast position,Radial; no aim,2.75,,2.75,4 ticks + finisher,0.8,23.76,Large (12-30),23.76,Large (12-30),Entire disk is checked; the visual vortex is not a hollow ring for gameplay.,5,4,1,"Low inward force, then strong outward clear",Destroys eligible hostile projectiles,Fixed .8 s schedule,Targets must remain inside for all four ticks and finisher,grouped; projectile-cleared; pushed,enemies already close; rooted; slowed,Self-combo bridge,,High,src/wizard-rebuilt-arcana-runtime.js,False
8,WATER-PRISON,Water Prison,Water,wizardRebuiltArcana,Traveling carrier,capture; ammo; single-target control,Straight projectile capsule → attached single-target prison,Projectile becomes target-owned after first contact,Activation snapshot,14.0,,0.54,2 ammo charges; one target per projectile,5.4,0.92,Tiny (<1),16.04,Large (12-30),Swept projectile corridor; attached prison is single-target rather than floor area.,3,5,-2,Position lock for about 5.4 s,,2 charges; independent 6 s recharge,"Once first contact occurs, impact and five timed ticks are highly reliable",pinned; repeated-hit window,straight-line aim; exposed targets,Setup specialist,,High,src/wizard-rebuilt-arcana-runtime.js,False
9,AIR-SPINNER,Air Spinner,Air,wizardAirBasics,Caster formation,orbit; radial finisher; player-following,Two moving orbit discs → full radial finisher disk,Orbit follows live caster; finisher centered on current caster,First disc starts in activation aim; finisher radial,2.95,,2.95,2 orbit beats + 1 disk,0.84,27.34,Large (12-30),27.34,Large (12-30),Largest footprint is the final full disk. Orbit discs sweep an annular route around the moving caster.,5,3,2,Finisher pushes strongly outward,,Three-beat automatic string,Full value requires orbiting discs to recontact before the radial finisher,pushed; near-caster control,surrounded; grouped,Bridge,,High,src/wizard-air-basics-runtime.js,False
10,PERFORATING-JET,Perforating Jet,Air,wizardAirBasics,Traveling carrier,narrow; piercing; high density,Repeated very narrow piercing capsule,Nine independent micro-projectiles,Activation snapshot per volley,13.2,,0.2,2 + 3 + 4 jets,,0.13,Tiny (<1),5.41,Medium (4-12),"All nine jets largely reuse one narrow lane; high density, low unique area.",3,2,1,,,Three nested volleys,Full damage requires a target to remain aligned through nine independently owned jets,pierced lane; repeated hits,pinned; rooted; corridor alignment,Payoff platform,,High,src/wizard-air-basics-runtime.js,False
11,EARTH-KNUCKLES,Earth Knuckles,Earth,wizardNextSource,Attached strike,heavy melee; self-advance; knockback,Wide forward strips with short caster advance,Temporary fist remains caster-connected,Activation snapshot per beat,4.01,,1.28,2 punches,0.38,8.83,Medium (4-12),8.83,Medium (4-12),Largest second-punch strip; max reach includes .56 collision-clipped caster advance.,4,3,1,Heavy outward push,,Two-beat string; forced short advance,Full string requires keeping the target in front after the first knockback,pushed; wall-adjacent opportunity,grouped; close; wall-backed,Bridge,,High,src/wizard-next-source-runtime.js,False
12,BLADED-VINE,Bladed Vine,Earth,wizardVfxArcana,Attached strike,swept whip; bundled thrust; shared ledger,Two 3-unit swept whip sectors → three-strand 5.6-unit bundle,Copied curated source; connected to cast frame,Activation snapshot,5.6,,0.42,2 whips + 3 visible finisher strands / 1 shared hit,0.26,,Dynamic / unranked,,Dynamic / unranked,Whips sweep about ±0.79 rad; finisher tests three narrow strips at ±.2 rad. Exact union is intentionally left unranked.,4,3,1,Knockback varies by beat,,Three-beat string,No special trigger; finisher's three strands share one logical hit,pushed; frontal lane,grouped; pinned,Generalist,"Live curated geometry is 3.0 / 5.6 reach, not the unused generic 5.25 / 7.0 specification.",High,src/wizard-curated-basic-source-port.js,True
13,STONE-SHOT,Stone Shot,Earth,wizardNextSource,Traveling carrier,long range; projectile string; heavy finisher,Two small projectile capsules → larger boulder capsule,Three independent straight projectiles,Activation snapshot per beat,16.5,,0.72,3 projectiles,,1.63,Small (1-4),25.39,Large (12-30),Largest boulder corridor; first two stones are narrower but mostly reuse it.,3,3,0,Noticeable push; boulder strongest,,Three-beat string,No special condition,pushed; wall-adjacent opportunity,aligned; rooted,Generalist,,High,src/wizard-next-source-runtime.js,False
14,SPARK-CONTACT,Spark Contact,Lightning,wizardVfxArcana,Attached strike,rapid contact string; broad finisher,Four short rectangles; final beat also emits a broad annular sector,Copied curated source at cast frame,Activation snapshot per beat,3.5,0.5,3.5,4 contact hits + final independent arc,0.42,15.84,Large (12-30),15.84,Large (12-30),Final 151° sector dominates the compact 1.75 × 1.56 contact rectangles.,4,3,1,Forward knockback,,Four-beat string,"Final broad arc is emitted regardless, but earlier compact hits require close attachment",pushed; shock opportunity,close; grouped,Bridge,"The selected curated port animates source-local lunge but does not move the live player, despite movement language in the card.",High,src/wizard-curated-basic-source-port.js,True
15,BOLT-RAIL,Bolt Rail,Lightning,wizardNextSource,Attached strike,instant stream; fifth-hit gate,Instant narrow strip; conditional target-centered burst,Caster-to-forward stream ignores world collision,Activation snapshot per pulse,3.85,,0.48,5 pulses,0.13,6.61,Medium (4-12),,Dynamic / unranked,"Base strip is 3.70 sq units; fifth-contact burst is 6.61 around the struck target, so whole-cast union depends on target position.",3,2,1,,,Five rapid pulses,Beat 5 must contact an enemy or no finisher burst appears,contact-gated burst; repeated hits,pinned; close; shocked (future enhanced),Conditional payoff,,High,src/wizard-next-source-runtime.js,False
16,VOLT-DISC,Volt Disc,Lightning,wizardNextSource,Traveling carrier,manual sequence; endpoint payoff,Short projectile capsule + range-expiry disk,One disc per manual press,Live aim independently on each press,7.4,,1.38,Up to 3 presses,,5.98,Medium (4-12),12.7,Large (12-30),"One disc lane plus its 1.38-radius miss burst. Three presses may redirect, so total union can be larger.",3,3,0,,,Manual 3-press sequence; .9 s rolling timeout,Miss at maximum range hands damage to the burst; wall contact fizzles; direct hit has no damaging burst,endpoint zone; direct-hit semantic,targets near chosen endpoint,Bridge,,High,src/wizard-next-source-runtime.js,False
17,ICE-DAGGER,Ice Dagger,Ice,wizardNextTwentyBasics,Attached strike,narrow melee; live steering; self-advance,Four very narrow forward strips with collision-clipped advance,Blade remains connected to caster,Live aim and movement intent sampled every beat,4.19,,0.4,4 thrusts,0.25,2.68,Small (1-4),2.68,Small (1-4),Largest fourth thrust; max reach adds .84 caster advance.,4,3,1,Target push,,Four-beat committed string,No shard or freeze in current base form; full value requires continued close tracking,pushed; repositioned caster,close; pinned,Bridge,,High,src/wizard-next-twenty-basics-runtime.js,False
18,RIP-TIDE,Rip Tide,Water,wizardNextTwentyBasics,Traveling carrier,commitment; piercing; defensive projectile,Three broad piercing projectile capsules,Independent crescents from a committed activation,Aim snapshot; aim and movement locked during emission,7.25,,0.63,3 waves,,1.25,Small (1-4),10.38,Medium (4-12),Three waves mostly reuse the same 10.38-square-unit corridor.,3,3,0,Light knockback,Pierces and destroys eligible hostile projectiles without being consumed,Committed three-wave emission,Full value requires remaining aligned while the player cannot move or re-aim,projectile-cleared; pierced lane,pinned; corridor alignment,Bridge,,High,src/wizard-next-twenty-basics-runtime.js,False
19,AQUA-ARC,Aqua Arc,Water,wizardNextTwentyBasics,Traveling carrier,live aim; piercing; final doublet,Three-beat narrow stream lanes with a doubled final beat,Four independently owned piercing streams,Live aim per beat,6.8,,0.36,1 + 1 + 2 streams,,0.81,Tiny (<1),9.5,Medium (4-12),Union of center line and the final ±.28 lateral pair.,3,3,0,Knockback; final pair stronger,,Three-beat string,Full value requires aligning all four carriers,pierced lane; pushed,pinned; grouped,Generalist,,High,src/wizard-next-twenty-basics-runtime.js,False
20,CHAOS-CRUSHER,Chaos Crusher,Chaos,wizardNextTwentyBasics,Traveling carrier,compound melee/projectile; overlap,Proximal disk compresses into a piercing projectile capsule,"Three repeated, independently hittable phases",Activation snapshot per cycle,12.08,,1.25,3 proximal disks + 3 cores,,4.91,Medium (4-12),11.59,Medium (4-12),Approximate union of the 1.25-radius rift at 1.28 forward and its 10.8-unit core lane; repeated cycles add density.,4,3,1,Strong proximal and core knockback,Both phases destroy eligible hostile projectiles,Three transformation cycles,A close target can legitimately receive both proximal and projectile phases,projectile-cleared; pushed; phase-overlap opportunity,close targets aligned downrange,Self-combo bridge,,High,src/wizard-next-twenty-basics-runtime.js,False
21,SEARING-RUSH,Searing Rush,Fire,wizardNextTwentyDash,Movement / route,dash trail; persistent route,Persistent dash-route capsule,Flame strip is world-owned along the collision-clipped dash path,Dash direction snapshot,8.4,,0.72,One route; 4 burn ticks,0.35,13.72,Large (12-30),13.72,Large (12-30),Route-length estimate uses the standard 8.4-unit dash before wall clipping.,4,3,1,,Track destroys eligible hostile projectiles,5.5 s payload cooldown; dash movement still works while payload cools,Targets must intersect or remain on the brief flame strip for multiple ticks,burning route; projectile-cleared,enemies crossing route; grouped,Setup / bridge,,High,src/wizard-next-twenty-dash-runtime.js,False
22,FLARE-RUSH,Flare Rush,Fire,wizardNextTwentyDash,Movement / route,dash; rear volley; three lanes,Dash followed by three close parallel projectile capsules,Projectiles spawn behind and catch the caster,Dash direction snapshot,21.4,,0.38,3 parallel fireballs,,1.36,Small (1-4),29.95,Large (12-30),Projectile-only union after the dash; engagement reach combines 8.4 dash plus 13 projectile range. Lanes overlap slightly.,3,2,1,,,5.5 s payload cooldown; movement remains available,Full value requires targets to remain in the three-lane catch-up volley,burning; multi-lane pressure,wide groups; targets behind/along dash line,Payoff platform,,High,src/wizard-next-twenty-dash-runtime.js,False
23,IGNITION-RUSH,Ignition Rush,Fire,wizardNextTwentyDash,Movement / route,dash; mobile aura; hollow center,Player-following open annulus after dash,Ring remains attached to the live player for 3 s,Radial around player after directional dash,8.4,1.05,2.25,One mobile ring,3.0,12.44,Large (12-30),,Dynamic / unranked,Instant annulus is 12.44 sq units; unique coverage is movement-dependent and can far exceed that over 3 s.,5,4,1,Outward nudge,No shield in current base form,6 s payload cooldown; movement remains available,Targets inside the open center are not touched; full burn requires sustained ring contact,burning; spacing pressure,surrounded; mobile kiting,Engine / high-floor,,High,src/wizard-next-twenty-dash-runtime.js,False
24,AIR-BURST,Air Burst,Air,wizardNextTwentyDash,Movement / route,dash; carry; rear burst,Broad rear-biased circular/curled burst,Brief payload follows the resolved dash direction,Dash direction snapshot,8.4,,2.35,One burst,0.24,17.35,Large (12-30),17.35,Large (12-30),Treated as a disk-equivalent because runtime exposes radius rather than a precise sector.,4,4,0,Carries caught enemies along the completed dash,,4 s payload cooldown,Target must be in the rear-biased catch volume during the dash,carried; endpoint grouping,enemies close behind or beside caster,Setup specialist,,High,src/wizard-next-twenty-dash-runtime.js,False
25,GUST-BURST,Gust Burst,Air,wizardVfxArcana,Movement / route,dash; gather; transport; endpoint,Origin gather disk → transport draught → endpoint disk,Copied curated dash source owns separate phases,Dash direction snapshot,4.4,,2.7,2 payload charges; 3 phases,0.5,22.9,Large (12-30),,Dynamic / unranked,Largest phase is the 2.7-radius gather disk; endpoint radius is 2.4. Draught union depends on transported target path.,4,3,1,"Gather, compress, transport to endpoint",,2 charges; 3.5 s recharge,Full sequence requires origin capture and successful handoff to the endpoint draught,grouped; transported; endpoint cluster,enemies near dash origin,Setup specialist,"Selected curated runtime uses a 4.4-unit dash, 2.7 gather radius, and 2.4 endpoint radius; not the unused generic spec.",High,src/wizard-curated-dash-source-port.js,True
26,RAZOR-BURST,Razor Burst,Air,wizardVfxArcana,Movement / route,dash wake; pull; slow; multi-hit,Stationary wake disk after dash,World-owned near dash origin/wake,Dash direction snapshot; zone itself radial,4.4,,2.1,5 ticks,1.0,13.85,Large (12-30),13.85,Large (12-30),Current curated base is a 2.1-radius disk with five 4-damage contacts.,4,3,1,Pull inward; strong slow,,5.12 s cooldown,Targets must remain in the one-second wake for all five contacts,grouped; slowed; inside-zone,rooted; enemies near origin,Setup specialist,"Selected curated runtime is 5 × 4 damage, not the unused four × 5 generic schedule.",High,src/wizard-curated-dash-source-port.js,True
27,SPIKE-TRACK,Spike Track,Earth,wizardNextTwentyDash,Movement / route,dash trail; shared ledger; sequential eruption,Sequential dash-route capsule,Eruptions sample the collision-clipped route,Dash direction snapshot,8.4,,0.82,Many visible spikes / one shared hit ledger,,,Dynamic / unranked,15.89,Large (12-30),Unique route corridor; many segments do not multiply damage or coverage because they share one logical attack.,4,4,0,Knockback,,5 s payload cooldown,No special trigger; each target can be hit once by the shared route,pushed; blocked route,enemies aligned with dash,Generalist,,High,src/wizard-next-twenty-dash-runtime.js,False
28,TOXIC-TRAP,Toxic Trap,Earth,wizardNextTwentyDash,Movement / route,dash; placed zone; poison,Placed circular poison zone after dash,World-owned planted zone,Dash direction snapshot; zone radial,8.4,,2.05,One trap,3.2,13.2,Large (12-30),13.2,Large (12-30),Persistent disk at the planted location.,3,3,0,,,6 s payload cooldown,Enemies must enter or remain in the placed trap to receive poison ticks,poisoned; inside-zone,rooted; slowed; grouped,Setup specialist,,High,src/wizard-next-twenty-dash-runtime.js,False
29,SNARE-TRACK,Snare Track,Earth,wizardNextTwentyDash,Movement / route,dash; fan; root,Dash followed by three-projectile fan corridors,Three independent snare carriers,Dash direction snapshot,16.9,,0.4,3 lanes at 0 / ±.26 rad,,1.51,Small (1-4),18.91,Large (12-30),Projectile fan union; engagement reach includes 8.4 dash plus 8.5 projectile range.,3,2,1,1.35 s entangle/root,,6 s payload cooldown,Full three-lane value requires multiple aligned targets or a large target,rooted; spread control,wide groups; enemies at endpoint,Setup specialist,,High,src/wizard-next-twenty-dash-runtime.js,False
30,THUNDER-LINE,Thunder Line,Lightning,wizardVfxArcana,Movement / route,dash placement; delayed disk; nested sweet spot,Delayed endpoint disk with nested core disk,Copied curated dash placement produces a telegraphed lightning strike,Dash/placement snapshot; radial detonation,,0.85,2.9,2 charges; burst + core,0.46,26.42,Large (12-30),26.42,Large (12-30),Base detonation disk is 2.9 radius; targets inside .85 core receive a separate second 10-damage event.,4,4,0,Shock,,2 charges; 5 s recharge; .2 s telegraph,Core bonus requires proximity to strike center,shocked; delayed zone; center sweet spot,rooted; grouped; predicted movement,Conditional payoff,"Live curated runtime is a disk/core strike, not the unused broad-radius plus rectangular-core generic representation.",High,src/wizard-curated-dash-source-port.js,True
31,CIRCUIT-LINE,Circuit Line,Lightning,wizardVfxArcana,Movement / route,dash nodes; delayed network; topology,Network of node-to-node line capsules,World-owned nodes connect after arm delay,Each dash/cast places a segment; network topology is player-authored,7.0,,0.62,3 charges; variable nodes and edges,,,Dynamic / unranked,,Dynamic / unranked,Each eligible edge is a capsule up to 7 units long (~9.88 sq units); network union varies with node layout and edge count.,2,2,0,,,3 charges; 4 s recharge; 1.5 s arm delay,Nodes must form at least one link within 7 units; more edges add two extra ticks each,connected hazard; repeated hits; route network,grouped; rooted; enemies crossing links,Conditional payoff,"Selected curated runtime uses 7.0 link range, .62 stream radius, and 6 base hits (+2 per extra edge).",High,src/wizard-curated-dash-source-port.js,True
32,SHOCK-LINE,Shock Line,Lightning,wizardNextTwentyDash,Movement / route,dash trail; line zone; defensive,Short persistent line capsule,World-owned segment left by dash,Dash direction snapshot,8.4,,0.34,One 4.4-unit segment,1.25,3.36,Small (1-4),3.36,Small (1-4),Persistent 4.4-unit capsule; not the full dash length.,3,3,0,Hit-stun; shock,Destroys eligible hostile projectiles,6 s payload cooldown,Targets must cross or remain on the short line,shocked; stunned; projectile-cleared; blocked route,chokepoints; rooted,Setup specialist,,High,src/wizard-next-twenty-dash-runtime.js,False
33,WAVE-FRONT,Wave Front,Water,wizardNextTwentyDash,Movement / route,dash; mobile disk; carry; shield,Large circular front that can detach and travel,"Initially dash/player-associated, then detached carrier",Dash direction snapshot,12.9,,2.3,3 damage ticks,0.45,16.62,Large (12-30),37.32,Huge (30-70),Approximate detached 4.5-unit travel corridor after release; dash motion can expand practical coverage.,5,4,1,Carries enemies,25-point shield,5 s payload cooldown,Full three-tick value requires target to remain in the moving front,carried; shielded; endpoint grouping,groups in front; incoming pressure,Setup / defense bridge,,High,src/wizard-next-twenty-dash-runtime.js,False
34,FROST-FEINT,Frost Feint,Ice,wizardNextTwentyDash,Movement / route,dash; decoy; reactive; freeze,Dash leaves decoy; enemy attack triggers circular shatter,World-owned decoy at dash origin,Dash direction; trigger is autonomous enemy response,8.4,,2.15,2 charges; one decoy each,2.0,14.52,Large (12-30),14.52,Large (12-30),Damage area exists only on a valid attack against the decoy.,2,1,1,1.25 s freeze,Decoy redirects an enemy attack,2 charges; 3.5 s recharge,An enemy must attack the decoy before it expires,frozen; baited attack; safe reposition,aggressive melee enemies; grouped around decoy,Conditional setup,,High,src/wizard-next-twenty-dash-runtime.js,False
35,FROST-WING,Frost Wing,Ice,wizardNextTwentyDash,Movement / route,dash; fan; freeze; defensive,Dash followed by four-projectile fan corridors,Four independent shards,Dash direction snapshot,17.4,,0.34,4 lanes at ±.15 / ±.38 rad,,1.45,Small (1-4),22.58,Large (12-30),Projectile fan union; engagement reach includes 8.4 dash plus 9 projectile range.,3,2,1,Strong knockback; 1.15 s freeze,Destroys eligible hostile projectiles,5.5 s payload cooldown,Full multi-shard value requires a large/close target or multiple enemies across the fan,frozen; pushed; projectile-cleared,wide groups; endpoint clusters,Setup / payoff bridge,,High,src/wizard-next-twenty-dash-runtime.js,False
36,CHAOTIC-RIFT,Chaotic Rift,Chaos,wizardNextTwentyDash,Movement / route,teleport; zero damage; mobility,Validated teleport line with no damage geometry,Caster relocates to resolved endpoint,Direction snapshot,8.4,,,One teleport,0.5,0.0,None,0.0,None,"Utility reach, not attack area; endpoint backs off from invalid terrain.",5,5,0,Caster reposition only,Untargetable/hidden during transit,.5 s payload cooldown,Endpoint must resolve to navigable space,repositioned; escaped; distance opened/closed,setup geometry; threatened zones,Utility setup,,High,src/wizard-next-twenty-dash-runtime.js,False
37,BLAZING-LARIAT,Blazing Lariat,Fire,wizardVfxArcana,Movement / route,slide; 330-degree sweep; two-hit; burn,Two near-full radial sectors during a forward slide,Sweeps are centered on the moving caster/source,Activation direction snapshot,7.6,0.0,5.2,"2 sweeps, 330° each",0.64,77.87,Extreme (70+),,Dynamic / unranked,Each sweep covers about 77.9 sq units before considering the 2.4-unit slide; two offset sweeps make cast union still larger.,5,4,1,20 source knockback per sweep,,5.5 s cooldown; .17 s forced slide,Second sweep has a .30 s delay and different angular offset,burning; heavy push; broad clear,surrounded; grouped; wall proximity,High-floor bridge,,High,src/wizard-curated-fire-source-port.js,False
38,EXPLOSIVE-CHARGE,Explosive Charge,Fire,wizardVfxArcana,Movement / route,dash-through; fuse; target-owned detonation,Dash-contact capsule → independent target-centered blast disks,Markers attach to every distinct crossed enemy,Dash direction snapshot; detonation uses stored direction,3.6,,1.5,3 charges; one marker per crossed enemy,1.0,7.07,Medium (4-12),12.43,Large (12-30),Dash contact corridor is ~12.43 sq units; each marked target later owns a 1.5-radius blast.,4,4,0,25 knockback along stored dash direction,,3 independently recovering charges; 3.5 s recharge,Dash must cross a target; marker then detonates reliably after 1 s,marked; delayed explosion; pushed; wall-adjacent,lines of enemies; wall-backed targets,Setup / payoff bridge,,High,src/wizard-curated-fire-source-port.js,False
39,FLAME-FUSION,Flame Fusion,Fire,wizardFusionLeap,Traveling carrier,projectile interaction; fusion; five-arrow fan,Slow fireball + delayed fast arrow → five-projectile fan on real collision,Parent projectiles remain independent until they physically meet,Fireball activation snapshot; follow-up arrow live-aimed,13.5,,0.48,2 parents; conditional 5-arrow fan,,0.72,Tiny (<1),17.22,Large (12-30),17.22 sq units is the post-fusion five-arrow fan union only; parent corridors remain independently useful and may diverge.,3,1,2,,,6 s cooldown; arrow follows .32 s after fireball,The two moving parent projectiles must actually collide; otherwise no fan exists,burning; five-lane fan; projectile-collision event,large target area; deliberate aim crossing,Payoff specialist,,High,src/wizard-fusion-leap-runtime.js,False
40,RAPID-FIRE-AGENT,Rapid Fire Agent,Fire,wizardAlliedArcana,Autonomous agent,summon; autonomous; ranged; distraction,Mobile allied actor with repeated projectile lanes,Agent follows caster and independently chooses nearest hostile,Autonomous targeting,9.0,,0.2,1 agent; 25 shots maximum over 10 s at .4 s cadence,10.0,0.13,Tiny (<1),,Dynamic / unranked,"Use 9-unit mobile threat envelope rather than a fixed floor area. Shot life permits a longer physical path, but targets are acquired inside 9.",5,4,1,Shot knockback,50-HP targetable ally diverts enemy attention,15 s cooldown; agent lasts 10 s or until destroyed,Value depends on agent survival and hostiles remaining inside its attack envelope,agent hits; diverted aggro; repeated autonomous pressure,marked; slowed; pinned targets,Engine / high-floor,,High,src/wizard-allied-arcana-runtime.js,False
41,WARD-OF-FLAMES,Ward of Flames,Fire,wizardAlliedArcana,Zone / field,placed zone; vulnerability; pulses; destructible,Large persistent circular field with destructible center object,Placed 1.45 units ahead and remains world-owned,Activation facing determines placement; field radial,6.05,,4.6,Placement burst + 1 pulse/s,8.0,66.48,Huge (30-70),66.48,Huge (30-70),Large 66.48-square-unit field; reach includes placement distance.,4,3,1,,50-HP destructible ward can draw/absorb attacks,8 s duration and 8 s cooldown,Damage amplification and repeated pulses require enemies to remain inside; overlapping vulnerability does not stack,fire-vulnerable; inside-zone; repeated pulses,grouped; rooted; fire-heavy deck,Setup specialist,,High,src/wizard-allied-arcana-runtime.js,False
42,MENTIS-IMPERIUM,Mentis Imperium,Air,wizardAlliedArcana,Traveling carrier,charm; faction conversion; single target,Single narrow projectile capsule,First valid ordinary enemy becomes player faction,Activation snapshot,7.0,,0.34,One projectile; one charmed target at a time,,0.36,Tiny (<1),5.12,Medium (4-12),Narrow projectile corridor; the persistent allied enemy creates a dynamic threat envelope afterward.,3,4,-1,Permanent faction conversion until transfer,Charmed enemy fights hostiles and no longer attacks player,6 s cooldown; recast transfers charm,Target must be ordinary/eligible; large enemies and bosses reject conversion,charmed ally; diverted aggro,high-value eligible enemy; crowded encounters,Setup / engine,,High,src/wizard-allied-arcana-runtime.js,False
43,HEROIC-LEAP,Heroic Leap,Air,wizardFusionLeap,Movement / route,rush; huge radial; carry; invulnerability,Rush → enormous fixed vortex disk → landing disk,Vortex is centered at leap route/airborne phase; landing at resolved endpoint,Activation direction snapshot,5.6,,5.0,5 vortex ticks + landing + optional carried bonus,0.78,78.54,Extreme (70+),,Dynamic / unranked,"Five-radius vortex is 78.54 sq units; landing disk is 32.17. Their centers differ, so whole-cast union is larger.",5,3,2,Carries first eligible ordinary target,Airborne invulnerability and projectile interception,6 s cooldown; forced rush/airborne sequence,Extra 50 carried-target payoff requires an eligible nonlarge target in the rush,carried; grouped at landing; projectile-cleared; repositioned,dense groups; carry-eligible priority target,Self-combo bridge,,High,src/wizard-fusion-leap-runtime.js,False
44,CYCLONE-BOOMERANG,Cyclone Boomerang,Air,wizardArcaneTypes,Traveling carrier,boomerang; broad carrier; return,Very broad outbound capsule with live-owner return path,One carrier has separate outbound and return hit ledgers,Activation snapshot outbound; return homes to live caster,8.5,,1.35,1 outbound + 1 return leg,0.8,5.73,Medium (4-12),28.68,Large (12-30),28.67-square-unit outbound corridor; return usually reuses it but can bend toward the moving caster.,4,3,1,1.5 world-unit knockback on each leg,,3.5 s cooldown,Second hit requires the return path to cross the target,pushed; return-hit opportunity,grouped; target between turn point and caster,Bridge,,High,src/wizard-arcane-types-runtime.js,False
45,EARTHEN-AEGIS,Earthen Aegis,Earth,wizardArcaneTypes,Caster formation,formation; defense; independent ledgers; open center,Eight discrete shield disks orbiting in an open-center formation,Formation follows the live caster,Radial; no aim after cast,4.23,2.87,4.23,8 independently tracked shields,4.5,11.62,Medium (4-12),30.34,Huge (30-70),11.62 is the sum of eight simultaneous shield disks; 30.31 is the annulus they can sweep while orbiting. Center remains open.,5,4,1,1 world-unit knockback per shield,Every shield erases hostile projectiles without being consumed,8 s cooldown,Each shield can hit each target once; full value needs multiple shield contacts or multiple enemies,projectile-cleared; pushed; protected orbit,surrounded; incoming projectiles,Engine / high-floor,,High,src/wizard-arcane-types-runtime.js,False
46,BALL-LIGHTNING,Ball Lightning,Lightning,wizardArcaneTypes,Traveling carrier,vulnerable charge; attach; repeated pulses,Charge-scaled projectile capsule → attached pulse object,Projectile attaches to first target,Live aim during vulnerable charge; snapshot on release,12.0,,1.0,5-10 contact pulses,1.5,3.14,Small (1-4),27.14,Large (12-30),Full-charge corridor shown; minimum-charge radius .52 gives a much narrower path.,3,4,-1,7.5 world-unit initial knockback at full spec,,5.5 s cooldown; hold up to 1.5 s while vulnerable,Full charge is required for ten pulses and maximum shock; projectile must then contact a target,maximum shock; attached repeated hits; heavy push,pinned; isolated priority target,Payoff specialist,,High,src/wizard-arcane-types-runtime.js,False
47,AQUA-BEAM,Aqua Beam,Water,wizardArcaneTypes,Attached strike,stored stock; beam; limited sweep; defensive,"Long, wide rectangular beam",Beam origin follows the live player; direction can sweep within ±15° of initial aim,Limited live aim during channel,13.5,,1.15,3-10 ticks based on stored stock,1.2,31.05,Huge (30-70),,Dynamic / unranked,31.05-square-unit full-length rectangle before scenery clipping; live limited sweep can enlarge total union.,4,4,0,2 world-unit push on every tick,Pierces enemies and erases hostile projectiles,Passively stores 3-10 charges at .75 s each; spends all,Full ten-tick value requires maximum stock and targets staying in the sweeping beam,projectile-cleared; pushed; long piercing lane,pinned; grouped; corridor alignment,Payoff / defense bridge,,High,src/wizard-arcane-types-runtime.js,False
48,ARCANE-INTERVENTION,Arcane Intervention,Chaos,wizardArcaneTypes,Zone / field,capture; teleport; reactivation; remote zone,Player-following capture disk + remote destination storm disk,Capture field follows player until recast/2 s delay; rod/storm are world-owned,Directional rod placement; second activation or timeout,8.75,,3.8,Capture field + arrival event + 5 storm ticks,2.0,45.36,Huge (30-70),,Dynamic / unranked,Capture disk is 45.36 sq units; destination storm is 29.22. Their remote centers make whole-cast union much larger.,4,3,1,Teleports eligible ordinary enemies; inward arrival/storm forces,,4.25 s cooldown; two-step/reactivation sequence,Targets must be inside the moving capture field at trigger time and have a valid landing; large enemies are immune,grouped at destination; teleported; inside-storm,dense ordinary enemies; prepared destination zone,Setup specialist,,High,src/wizard-arcane-types-runtime.js,False
49,FLAME-BREATH,Flame Breath,Fire,wizardVfxArcana,Attached strike,cone channel; snapshot; defensive,Fixed rounded frontal sector,Snapshots cast frame; does not follow later player movement,Activation snapshot,3.9,,3.4,3 contacts,0.95,9.25,Medium (4-12),9.25,Medium (4-12),Sector estimate uses half-angle .80 and 3.4 reach; max reach includes .5 origin offset.,4,3,1,Very light forward nudge,Active cone destroys hostile projectiles,Rooted-looking .95 s source sequence,Targets must stay in the snapshot cone through three hit times,burning opportunity; projectile-cleared,grouped; close; rooted,Bridge,,High,src/wizard-vfx-arcana-runtime.js,False
50,SEARING-CROWN,Searing Crown,Fire,wizardVfxArcana,Zone / field,radial; pull-then-push; fixed anchor,Growing fixed disk with larger finisher disk,World-owned at original cast frame,Radial; no aim,4.4,,4.4,5 inward ticks + finisher,1.6,60.82,Huge (30-70),60.82,Huge (30-70),Finisher is a 60.82-square-unit disk; tick radius grows only to about 3.27.,5,4,1,Low inward force then 2.2 outward push,,Fixed 1.6 s schedule,Full sequence requires targets to remain near the original cast point until finisher,grouped; then pushed; burning,rooted; slowed; pre-grouped enemies,Self-combo bridge,"Card language can read like a caster-following crown, but gameplay stays at the original cast frame.",High,src/wizard-vfx-arcana-runtime.js,True
51,IGNITION-DRIVE,Ignition Drive,Fire,wizardVfxArcana,Zone / field,ordered ground line; carry; endpoint finisher,Five overlapping circular explosions walking down a line,World-owned ordered beat centers,Activation direction snapshot,11.4,,2.15,4 small disks + 1 large finisher,0.4,14.52,Large (12-30),28.25,Large (12-30),Current five-disk union is ~28.25 sq units; centers run from 2.25 to 9.25 forward.,4,3,1,Early beats move targets toward the next center,,Five-beat automatic route,Full payoff requires early beats to keep the target aligned into the endpoint finisher,carried/aligned; endpoint cluster; burning,grouped; rooted; lane alignment,Self-combo bridge,,High,src/wizard-vfx-arcana-runtime.js,False
52,ENGULFING-FISSURE,Engulfing Fissure,Fire,wizardVfxArcana,Zone / field,multi-trap; trigger; capture,Three separated trigger disks,Each trap is independently world-owned and consumed,Authored placement around caster; no live targeting,4.32,,0.92,3 traps; first valid target per trap,3.2,7.98,Medium (4-12),7.98,Medium (4-12),Three current trigger disks have ~7.98 sq units of unique union and are intentionally separated rather than one large circle.,3,4,-1,Pulls triggering target to trap center,,One cast places three traps for 3.2 s,A target must enter an unconsumed .92-radius trap; then all five ticks are target-owned,captured; grouped at trap; repeated-hit window,enemy pathing; forced movement; chokepoints,Setup specialist,,High,src/wizard-vfx-arcana-runtime.js,False
53,DRAGON-BLAST,Dragon Blast,Air,wizardVfxArcana,Zone / field,remote radial; pull-then-blast; defensive,Huge fixed disk centered 2.7 units ahead,World-owned dragon-mouth center at cast frame,Activation direction snapshot,7.3,,4.6,5 pull hits + finisher,1.55,66.48,Huge (30-70),66.48,Huge (30-70),Finisher disk is 66.48 sq units; pull disk is radius 4.2 and projectile-clearing volume radius 4.3.,5,4,1,Repeated pull then 2.45 outward blast; slow,Erases hostile projectiles in visible mouth volume,Fixed 1.55 s sequence,Full six-hit value requires target retention near the mouth center,grouped; then pushed; slowed; projectile-cleared,dense groups; rooted targets,Self-combo bridge,"Gameplay collision is a very large disk, broader than the directional mouth silhouette may imply.",High,src/wizard-vfx-arcana-runtime.js,True
54,SHEARING-CHAIN,Shearing Chain,Air,wizardVfxArcana,Movement / route,dash; multi-circle sequence; finisher,Six large offset disks → larger finisher disk while caster dashes,Gameplay hit checks remain relative to the initial cast frame,Activation direction snapshot,6.6,,2.6,6 slash disks + finisher,1.35,21.24,Large (12-30),31.96,Huge (30-70),Current gameplay union of seven hit circles is ~31.96 sq units; player separately dashes 6.6 units.,4,3,1,Route push; stronger finisher push,Finisher clears hostile projectiles,Committed 6.6-unit dash,Full seven-hit value requires targets to remain within the cast-frame circle sequence,pushed; repositioned; projectile-cleared,grouped along starting route,Bridge,Hit circles only advance about 3.4 units from the original cast frame while the player dashes 6.6; collision is not truly synchronized to the full live route.,High,src/wizard-vfx-arcana-runtime.js,True
55,STORM-DRAFT,Storm Draft,Air,wizardVfxArcana,Traveling carrier,curtain; carry; wall slam; dead zone,Broad moving rectangular curtain with point-blank gap,Independent advancing field,Activation snapshot,14.18,1.7,1.35,2 charges,1.3,,Dynamic / unranked,33.7,Huge (30-70),Travel corridor is about 33.70 sq units after the deliberate 1.7-unit spawn gap.,4,2,2,Carries targets; wall impact adds stun,Base projectile clearing disabled,2 charges; 4.5 s recovery,30 bonus damage and 1.35 s stun require a carried target to hit a wall,carried; wall-slammed; stunned,wall-adjacent targets; aligned groups,Payoff specialist,,High,src/wizard-curated-air-source-port.js,False
56,BLURRING-FALCONRY,Blurring Falconry,Air,wizardVfxArcana,Autonomous agent,seeking agent; mark; repeated passes,Seeking falcon → target-centered six-pass orbit,Falcon autonomously marks first valid target,Autonomous seek and authored target orbit,,,2.9,3 charges; 6 passes,1.2,,Dynamic / unranked,,Dynamic / unranked,Use target-centered threat path rather than floor area: six .2 s passes around a 2.9-unit orbit.,5,4,1,Knockback each pass,,3 charges; 4 s recharge,Requires a valid target; full value needs the marked target to survive all six passes,marked; repeated autonomous hits; pushed,isolated priority target; stunned/rooted targets,Engine / payoff,,High,src/wizard-curated-bubble-falcon-source-port.js,False
57,WHIRLING-WIND-AGENT,Whirling Wind Agent,Air,wizardVfxArcana,Autonomous agent,two summons; melee charges; autonomous,Two mobile agents repeatedly create charge corridors,"Agents follow, seek, and overshoot targets",Autonomous targeting,11.0,,,2 agents; charge about once/s each,10.0,,Dynamic / unranked,,Dynamic / unranked,Use 11-unit seek envelope and repeated dynamic charge lanes rather than one fixed area.,5,4,1,Knockback; source supports wall-slam reaction,Two targetable 3-health source agents,15 s cooldown; 10 s duration,Value depends on agent survival and reachable targets,agent hits; pushed; possible wall slam; diverted aggro,marked; slowed; corridors,Engine / high-floor,,High,src/wizard-curated-air-source-port.js,False
58,KNOCKOUT-BOULDER,Knockout Boulder,Earth,wizardVfxArcana,Traveling carrier,large projectile; stun; heavy impact,Huge straight projectile capsule,One fast boulder,Activation snapshot,16.0,,0.85,1 projectile,,2.27,Small (1-4),29.47,Large (12-30),Wide 29.47-square-unit swept corridor.,4,5,-1,9 knockback and 1 s stun,,5 s cooldown; .13 s windup,No follow-up condition; one contact delivers full current payload,stunned; pushed; wall-adjacent,large target; straight corridor,Setup / generalist,,High,src/wizard-curated-earth-projectile-source-port.js,False
59,TOXIC-BOLAS,Toxic Bolas,Earth,wizardVfxArcana,Traveling carrier,root; poison; single target,Fast single projectile; collision radius not exposed in public tuning,One vine-linked bola,Activation snapshot,12.0,,,1 projectile,5.0,,Dynamic / unranked,,Dynamic / unranked,"Range is code-grounded; carrier radius is not exposed in the selected tuning, so area remains unranked pending a collision audit.",3,5,-2,5 s root,,6 s cooldown,"Once projectile contact occurs, root and five poison ticks are reliable",rooted; poisoned; repeated-hit window,straight-line aim; priority target,Setup specialist,Needs exact live collision-radius extraction before area ranking.,Medium,src/wizard-curated-earth-projectile-source-port.js,True
60,ROCK-N-ROLL,Rock N' Roll,Earth,wizardVfxArcana,Traveling carrier,ground projectile; two lanes; repeated contact,"Two separated, slightly splayed ground-carrier capsules",Two parallel stone saws,Activation snapshot,12.0,,0.78,2 lanes; repeat contact every .17 s,,3.82,Small (1-4),41.26,Huge (30-70),Current two-lane union is ~41.26 sq units; lanes are 1.75 apart and slightly splayed.,4,3,1,Repeated knockback,,1.15 s source cooldown; .16 s windup,Full value requires target retention in one moving saw for repeated contacts,repeated hits; pushed; two-lane pressure,rooted; large targets; corridors,Payoff platform,,High,src/wizard-curated-earth-agent-source-port.js,False
61,EARTH-STOMP-AGENT,Earth Stomp Agent,Earth,wizardVfxArcana,Autonomous agent,summon; repeated AoE; leap,Mobile agent repeatedly creates target-centered circular stomps,"Agent follows caster, seeks, leaps, and lands",Autonomous targeting,9.5,,3.3,1 agent; stomp about every 1.1 s,10.0,34.21,Huge (30-70),,Dynamic / unranked,Each stomp is a 34.21-square-unit disk inside a mobile 9.5-unit seek envelope.,5,4,1,13 knockback per stomp,Agent presence can divert pressure,15 s cooldown; 10 s duration,Value depends on agent survival and targets inside seek range,agent hits; pushed; repeated radial pressure,grouped; slowed targets,Engine / high-floor,,High,src/wizard-curated-earth-agent-source-port.js,False
62,TERRA-RING,Terra Ring,Earth,wizardVfxArcana,Zone / field,radial lanes; huge coverage; repeated contact,Nine radial ground capsules tunneling outward,Standalone source anchored at cast point,Radial; random base rotation,9.2,,1.24,9 lanes; max 5 hits per target,2.6,,Dynamic / unranked,189.03,Extreme (70+),Approximate 189-square-unit union after the live adapter's baked 2× source scale; nine even radial corridors from ~1.1 to 9.2.,5,3,2,Outward lane knockback,,5 s source cooldown,Five-hit ceiling requires a target to intersect multiple sequential rock contacts,pushed; radial lanes; repeated-hit opportunity,surrounded; large groups,High-floor bridge,One of four standalone-source cards with an additional baked 2× world scale at Arcana Size 1.,Medium,src/wizard-earth-arcana-source-port.js,True
63,GRASPING-EARTH,Grasping Earth,Earth,wizardVfxArcana,Zone / field,mass capture; target seeking; enormous radius,Expanding capture disk → target-seeking crags → target-owned fists,Standalone source anchored at caster,Radial acquisition; autonomous target pursuit after release,9.2,,9.2,One crag/fist per eligible target in disk,5.4,265.9,Extreme (70+),265.9,Extreme (70+),Effective max capture disk is ~265.90 sq units after baked 2× source scale.,5,5,0,Captures/holds every eligible target; stun bridge in adapter,,Auto-charges to max over 1.35 s in current adapter; 7.5 s source cooldown,Targets must be inside the max capture disk at auto-release; each captured target then receives full fist sequence,captured; pinned; repeated-hit window; grouped by ownership,dense ordinary enemies,Setup specialist / dominance risk,Baked 2× standalone scale makes current world radius 9.2. Live adapter auto-releases at full charge rather than exposing early release.,Medium,src/wizard-earth-arcana-source-port.js,True
64,TECTONIC-DRILL,Tectonic Drill,Earth,wizardVfxArcana,Movement / route,moving body; pin; repeated contact,Large moving circular carrier / route capsule,Drill moves down aim route and drags the caster partway,Activation direction snapshot,9.0,,1.35,Repeated contacts every .18 s,1.6,5.73,Medium (4-12),26.79,Large (12-30),Carrier starts 1.2 forward and travels 7.8; player translation is capped at 2.6.,4,4,0,Pins/conveys targets forward,,Committed moving carrier,Repeated value requires target to stay inside the drill body,pinned; transported; aligned route,grouped; wall or endpoint setups,Setup / payoff bridge,,High,src/wizard-vfx-arcana-runtime.js,False
65,ROCK-SOLID-TOMAHAWK,Rock-Solid Tomahawk,Earth,wizardVfxArcana,Traveling carrier,returning projectile; shared ledger,Broad outbound and curved-return carrier path,One returning axe with a shared per-target hit set,Activation snapshot; return follows authored curve to cast anchor,9.3,,0.95,1 outbound + return path,2.1,2.84,Small (1-4),37.04,Huge (30-70),~37.0 is a rough round-trip corridor estimate; curved return adds some new space but shares one hit ledger.,4,3,1,Forward knockback,,2.1 s authored sequence,A target can be damaged only once across both outbound and return legs,pushed; returning hazard,broad groups along curved path,Generalist,"Unlike Cyclone Boomerang, outbound and return do not own separate target hits.",Medium,src/wizard-vfx-arcana-runtime.js,True
66,SHOCK-NOVA,Shock Nova,Lightning,wizardVfxArcana,Attached strike,charged radial; shock; huge effective size,Charged fixed circular discharge,Standalone source anchored at original cast point,Radial; no aim,4.2,,4.2,Repeated .12 s source contacts during .7 s discharge,2.13,55.42,Huge (30-70),55.42,Huge (30-70),Effective 55.42-square-unit disk after baked 2× source scale; 1.43 s charge precedes .7 s discharge.,4,4,0,Shock stacking and delayed discharge,,1.43 s committed charge,Targets must remain in the fixed discharge; current adapter does not expose the enhanced larger wheel,shocked; delayed discharge; repeated hits,grouped; rooted; enemies committed near cast point,Payoff / dominance risk,One of four standalone-source cards with baked 2× world scale. Charge vulnerability/movement lock is not as explicitly integrated as Ball Lightning's.,Medium,src/wizard-lightning-arcana-source-port.js,True
67,STAR-BOLT,Star Bolt,Lightning,wizardVfxArcana,Traveling carrier,five-shot cadence; shock; long range,Five fast narrow projectile corridors,Standalone source emits a five-throw cadence,Activation/cast-frame direction,18.0,,0.68,5 throws,4.1,1.45,Small (1-4),25.93,Large (12-30),Effective range/radius estimate includes the baked 2× source scale; repeated throws mainly add density.,3,3,0,Shock charge and delayed discharge,,.75 s throw cadence; .13 s windup,Full sequence requires continued alignment through five throws and shock hold,shocked; repeated lane pressure,pinned; straight corridors,Payoff platform,One of four standalone-source cards with baked 2× world scale.,Medium,src/wizard-lightning-arcana-source-port.js,True
68,AQUA-VORTEX,Aqua Vortex,Water,wizardVfxArcana,Zone / field,radial; one hit; defensive,Fixed circular disk,World-owned at original cast point,Radial; no aim,3.1,,3.1,1 gameplay contact,0.8,30.19,Huge (30-70),30.19,Huge (30-70),30.19-square-unit disk; visual spiral collapses after the single timed hit.,5,5,0,,Continuously erases hostile projectiles inside radius,.8 s fixed sequence,No multi-hit retention requirement in current gameplay,projectile-cleared; radial hit,surrounded; incoming projectiles,Defense bridge,,High,src/wizard-vfx-arcana-runtime.js,False
69,AQUA-BREAKER,Aqua Breaker,Water,wizardVfxArcana,Traveling carrier,charge; rolling carrier; huge finisher,Charged large rolling disk → enormous endpoint finisher disk,Carrier detaches and travels down aim line,Activation snapshot,10.35,,4.6,Entry + repeat pass hits + finisher,3.5,66.48,Huge (30-70),,Dynamic / unranked,"Finisher alone is 66.48 sq units. Rolling body reaches roughly 1.9 radius and travels about 8-9 units, so whole-cast union is larger.",4,3,1,Carries targets toward rolling center; heavy outward finisher,,1.9 s committed charge,Full stacked pass damage requires target retention in the rolling body until endpoint break,carried; endpoint cluster; pushed,grouped; rooted; aligned targets,Self-combo payoff,,High,src/wizard-vfx-arcana-runtime.js,False
70,BUBBLE-BARRAGE,Bubble Barrage,Water,wizardVfxArcana,Traveling carrier,stock release; stochastic; drifting projectiles,Dense stochastic stream of drifting circular projectiles,"Up to ten independent bubbles with drag, drift, wobble, and light wall bounce",Activation snapshot with random spread,,,0.34,Up to 10 stock; .034 s emission gap,5.0,3.63,Small (1-4),,Dynamic / unranked,"No single deterministic union: launch 16.5, drag 2.7, drift floor 1.6, spread .30 and wall bounce create a broad probabilistic cloud.",4,2,2,15 knockback per bubble,,Stores 10; one returns every .5 s; empties all stock,Full ten-bubble value requires maximum stock and target interception across stochastic paths,pushed; stochastic area denial; repeated hits,large groups; walls; slowed targets,Payoff platform,Needs runtime telemetry rather than analytic geometry for trustworthy unique-area and full-hit estimates.,Medium,src/wizard-curated-bubble-falcon-source-port.js,True
